frequency,relative_magnitude
1,2.93154520142126
10,2.93152143840431
20,2.93143836386113
30,2.93123374912789
40,2.93096824491102
50,2.93074345005274
100,2.92808914441921
150,2.92466462868338
200,2.92510396749452
250,2.91467619415973
300,2.90944543619642
350,2.90611170143184
400,2.85767234944463
450,2.90078754607082
500,2.89818109156944
550,2.87176173488667
600,2.86493251095667
650,2.99426841036018
700,3.44768925868555
750,3.43938313545391
800,3.4282561743791
850,3.41829176115522
900,3.40474101739212
