amplitudes,max_magnitude
0.01,1.05431685123375e-06
0.005,5.27158425616878e-07
0.001,1.05431686600162e-07
0.0002,2.10863366207023e-08
