amplitudes,max_magnitude
0.01,3.60023993675329e-07
0.005,1.80011996837665e-07
0.001,3.6002399774371e-08
0.0002,7.20047982427275e-09
