amplitudes,max_magnitude
0.01,1.42560074114909e-06
0.005,7.12800370574547e-07
0.001,1.42560079781945e-07
0.0002,2.851201560513e-08
