frequency,relative_magnitude
1,2.93154522811348
10,2.93151245893202
20,2.93143099123583
30,2.93124670806014
40,2.93109389678719
50,2.93076561603508
100,2.92952677890829
150,2.9256391603807
200,2.92608016489139
250,2.92186921494305
300,2.92713229515084
350,2.91858979915374
400,2.91577613454583
450,2.8937798896305
500,2.90346938576053
550,2.89550693387387
600,2.89502721207618
650,2.88521120374916
700,3.38019286489904
750,3.45997158806673
800,3.43234324070382
850,3.42686590038411
900,3.39707939241514
