frequency,relative_magnitude
1,3.91880912334115
10,3.91931220836093
20,3.92035680192156
30,3.92358210284682
40,3.92480559151703
50,3.93117891282296
100,3.96546105778115
150,4.02972970638427
200,4.10935445087597
250,4.27179553646051
300,3.94379346705526
350,4.64598864594489
400,5.02048369765852
450,5.79493764163218
500,5.8234573737751
550,6.28017054565856
600,7.21067290422365
650,8.44684527205421
700,10.0906798397677
750,8.73778744626083
800,7.88012592242353
850,7.24966554163519
900,6.90950053866563
